,store_nbr,family,perishable,unit_sales
0,1,AUTOMOTIVE,0,5475.0
1,1,BEAUTY,0,4056.0
2,1,BEVERAGES,0,2673769.0
3,1,BOOKS,0,210.0
4,1,BREAD/BAKERY,1,569992.2080000001
5,1,CELEBRATION,0,16786.0
6,1,CLEANING,0,1078525.0
7,1,DAIRY,1,1054354.0
8,1,DELI,1,207037.07809999984
9,1,EGGS,1,236506.0
10,1,FROZEN FOODS,0,217926.38399999996
11,1,GROCERY I,0,3743823.0
12,1,GROCERY II,0,36783.0
13,1,HARDWARE,0,2694.0
14,1,HOME AND KITCHEN I,0,25006.0
15,1,HOME AND KITCHEN II,0,21796.0
16,1,HOME APPLIANCES,0,569.0
17,1,HOME CARE,0,170062.0
18,1,LADIESWEAR,0,15835.0
19,1,LAWN AND GARDEN,0,15169.0
20,1,LINGERIE,0,11314.0
21,1,"LIQUOR,WINE,BEER",0,170111.0
22,1,MAGAZINES,0,5399.0
23,1,MEATS,1,527608.2889000045
24,1,PERSONAL CARE,0,217534.0
25,1,PET SUPPLIES,0,5850.0
26,1,PLAYERS AND ELECTRONICS,0,8913.0
27,1,POULTRY,1,478621.3720999986
28,1,PREPARED FOODS,1,135979.561
29,1,PRODUCE,1,2443329.9674000056
30,1,SCHOOL AND OFFICE SUPPLIES,0,289.0
31,1,SEAFOOD,1,43689.00959999998
32,2,AUTOMOTIVE,0,9100.0
33,2,BABY CARE,0,84.0
34,2,BEAUTY,0,7936.0
35,2,BEVERAGES,0,4153912.0
36,2,BOOKS,0,239.0
37,2,BREAD/BAKERY,1,924272.787
38,2,CELEBRATION,0,13384.0
39,2,CLEANING,0,1625869.0
40,2,DAIRY,1,1436860.0
41,2,DELI,1,411485.0905000006
42,2,EGGS,1,314736.0
43,2,FROZEN FOODS,0,270649.1370000003
44,2,GROCERY I,0,6590998.797
45,2,GROCERY II,0,52685.0
46,2,HARDWARE,0,1972.0
47,2,HOME AND KITCHEN I,0,29649.0
48,2,HOME AND KITCHEN II,0,24264.0
49,2,HOME APPLIANCES,0,803.0
50,2,HOME CARE,0,298056.0
51,2,LADIESWEAR,0,29539.0
52,2,LAWN AND GARDEN,0,13863.0
53,2,LINGERIE,0,15699.0
54,2,"LIQUOR,WINE,BEER",0,145672.0
55,2,MAGAZINES,0,6459.0
56,2,MEATS,1,849915.7762999978
57,2,PERSONAL CARE,0,441338.0
58,2,PET SUPPLIES,0,9140.0
59,2,PLAYERS AND ELECTRONICS,0,9603.0
60,2,POULTRY,1,819440.4481000152
61,2,PREPARED FOODS,1,210382.4810000003
62,2,PRODUCE,1,2781594.1711999862
63,2,SCHOOL AND OFFICE SUPPLIES,0,770.0
64,2,SEAFOOD,1,54246.95599999999
65,3,AUTOMOTIVE,0,15647.0
66,3,BABY CARE,0,672.0
67,3,BEAUTY,0,16189.0
68,3,BEVERAGES,0,11351589.0
69,3,BOOKS,0,539.0
70,3,BREAD/BAKERY,1,1937379.331
71,3,CELEBRATION,0,48450.0
72,3,CLEANING,0,3474432.0
73,3,DAIRY,1,3436852.0
74,3,DELI,1,664670.0258000001
75,3,EGGS,1,879981.0
76,3,FROZEN FOODS,0,756579.343999999
77,3,GROCERY I,0,12970467.970999999
78,3,GROCERY II,0,130132.0
79,3,HARDWARE,0,5051.0
80,3,HOME AND KITCHEN I,0,73617.0
81,3,HOME AND KITCHEN II,0,58808.0
82,3,HOME APPLIANCES,0,3162.0
83,3,HOME CARE,0,546284.0
84,3,LADIESWEAR,0,51998.0
85,3,LAWN AND GARDEN,0,41315.0
86,3,LINGERIE,0,46351.0
87,3,"LIQUOR,WINE,BEER",0,369712.0
88,3,MAGAZINES,0,20476.0
89,3,MEATS,1,1366488.6398999977
90,3,PERSONAL CARE,0,847967.0
91,3,PET SUPPLIES,0,19678.0
92,3,PLAYERS AND ELECTRONICS,0,29765.0
93,3,POULTRY,1,1905238.516800001
94,3,PREPARED FOODS,1,618877.9630000009
95,3,PRODUCE,1,8613316.112400174
96,3,SCHOOL AND OFFICE SUPPLIES,0,1264.0
97,3,SEAFOOD,1,178950.28119999965
98,4,AUTOMOTIVE,0,6767.0
99,4,BABY CARE,0,24.0
100,4,BEAUTY,0,6889.0
101,4,BEVERAGES,0,3668136.0
102,4,BOOKS,0,265.0
103,4,BREAD/BAKERY,1,682881.9720000001
104,4,CELEBRATION,0,10749.0
105,4,CLEANING,0,1489848.0
106,4,DAIRY,1,1329186.0
107,4,DELI,1,363776.75860000023
108,4,EGGS,1,289756.0
109,4,FROZEN FOODS,0,253684.57499999975
110,4,GROCERY I,0,5636343.59
111,4,GROCERY II,0,35040.0
112,4,HARDWARE,0,1914.0
113,4,HOME AND KITCHEN I,0,23280.0
114,4,HOME AND KITCHEN II,0,14916.0
115,4,HOME APPLIANCES,0,657.0
116,4,HOME CARE,0,258924.0
117,4,LADIESWEAR,0,25589.0
118,4,LAWN AND GARDEN,0,15768.0
119,4,LINGERIE,0,7753.0
120,4,"LIQUOR,WINE,BEER",0,140016.0
121,4,MAGAZINES,0,5879.0
122,4,MEATS,1,622470.3709000007
123,4,PERSONAL CARE,0,383983.0
124,4,PET SUPPLIES,0,7147.0
125,4,PLAYERS AND ELECTRONICS,0,9098.0
126,4,POULTRY,1,756021.5728999919
127,4,PREPARED FOODS,1,167925.25900000037
128,4,PRODUCE,1,2639588.2060999875
129,4,SCHOOL AND OFFICE SUPPLIES,0,350.0
130,4,SEAFOOD,1,55071.07570000003
131,5,AUTOMOTIVE,0,9194.0
132,5,BABY CARE,0,215.0
133,5,BEAUTY,0,8684.0
134,5,BEVERAGES,0,2533831.0
135,5,BOOKS,0,230.0
136,5,BREAD/BAKERY,1,642854.5560000001
137,5,CELEBRATION,0,26176.0
138,5,CLEANING,0,1667748.0
139,5,DAIRY,1,871283.0
140,5,DELI,1,415271.00149999984
141,5,EGGS,1,190851.0
142,5,FROZEN FOODS,0,269669.1959999998
143,5,GROCERY I,0,5262681.658000002
144,5,GROCERY II,0,33241.0
145,5,HARDWARE,0,1725.0
146,5,HOME AND KITCHEN I,0,30107.0
147,5,HOME AND KITCHEN II,0,37238.0
148,5,HOME APPLIANCES,0,926.0
149,5,HOME CARE,0,239283.0
150,5,LADIESWEAR,0,14813.0
151,5,LAWN AND GARDEN,0,4970.0
152,5,LINGERIE,0,31561.0
153,5,"LIQUOR,WINE,BEER",0,110414.0
154,5,MAGAZINES,0,6569.0
155,5,MEATS,1,477104.40820000117
156,5,PERSONAL CARE,0,450166.0
157,5,PET SUPPLIES,0,3199.0
158,5,PLAYERS AND ELECTRONICS,0,8024.0
159,5,POULTRY,1,419630.37059999537
160,5,PREPARED FOODS,1,147991.1289999999
161,5,PRODUCE,1,1653582.2593000059
162,5,SCHOOL AND OFFICE SUPPLIES,0,813.0
163,5,SEAFOOD,1,22358.993999999995
164,6,AUTOMOTIVE,0,9028.0
165,6,BABY CARE,0,12.0
166,6,BEAUTY,0,9539.0
167,6,BEVERAGES,0,5063106.0
168,6,BOOKS,0,76.0
169,6,BREAD/BAKERY,1,919102.7590000001
170,6,CELEBRATION,0,15753.0
171,6,CLEANING,0,2081127.0
172,6,DAIRY,1,1612034.0
173,6,DELI,1,575360.3447999993
174,6,EGGS,1,345028.0
175,6,FROZEN FOODS,0,378637.46
176,6,GROCERY I,0,7806646.169
177,6,GROCERY II,0,59272.0
178,6,HARDWARE,0,1569.0
179,6,HOME AND KITCHEN I,0,29331.0
180,6,HOME AND KITCHEN II,0,49457.0
181,6,HOME APPLIANCES,0,658.0
182,6,HOME CARE,0,340331.0
183,6,LADIESWEAR,0,32455.0
184,6,LAWN AND GARDEN,0,13111.0
185,6,LINGERIE,0,13717.0
186,6,"LIQUOR,WINE,BEER",0,157243.0
187,6,MAGAZINES,0,6161.0
188,6,MEATS,1,834126.3043000016
189,6,PERSONAL CARE,0,541193.0
190,6,PET SUPPLIES,0,9950.0
191,6,PLAYERS AND ELECTRONICS,0,13085.0
192,6,POULTRY,1,1062759.7212
193,6,PREPARED FOODS,1,236798.18400000042
194,6,PRODUCE,1,2893383.699899997
195,6,SCHOOL AND OFFICE SUPPLIES,0,446.0
196,6,SEAFOOD,1,73180.3548000001
197,7,AUTOMOTIVE,0,7150.0
198,7,BABY CARE,0,48.0
199,7,BEAUTY,0,6142.0
200,7,BEVERAGES,0,5592609.0
201,7,BOOKS,0,211.0
202,7,BREAD/BAKERY,1,1082197.8930000002
203,7,CELEBRATION,0,18965.0
204,7,CLEANING,0,1770749.0
205,7,DAIRY,1,2063308.0
206,7,DELI,1,284606.8471
207,7,EGGS,1,479780.0
208,7,FROZEN FOODS,0,433886.26399999956
209,7,GROCERY I,0,6247973.996
210,7,GROCERY II,0,67416.0
211,7,HARDWARE,0,3448.0
212,7,HOME AND KITCHEN I,0,24376.0
213,7,HOME AND KITCHEN II,0,23364.0
214,7,HOME APPLIANCES,0,1304.0
215,7,HOME CARE,0,253302.0
216,7,LADIESWEAR,0,12253.0
217,7,LAWN AND GARDEN,0,32049.0
218,7,LINGERIE,0,14995.0
219,7,"LIQUOR,WINE,BEER",0,268323.0
220,7,MAGAZINES,0,11172.0
221,7,MEATS,1,880013.6591999991
222,7,PERSONAL CARE,0,359193.0
223,7,PET SUPPLIES,0,6481.0
224,7,PLAYERS AND ELECTRONICS,0,11637.0
225,7,POULTRY,1,1018633.7024000012
226,7,PREPARED FOODS,1,302128.2309999996
227,7,PRODUCE,1,5576828.199999993
228,7,SCHOOL AND OFFICE SUPPLIES,0,536.0
229,7,SEAFOOD,1,96940.78880000005
230,8,AUTOMOTIVE,0,8890.0
231,8,BABY CARE,0,142.0
232,8,BEAUTY,0,12104.0
233,8,BEVERAGES,0,6347150.0
234,8,BOOKS,0,317.0
235,8,BREAD/BAKERY,1,1267688.0209999997
236,8,CELEBRATION,0,24976.0
237,8,CLEANING,0,2124056.0
238,8,DAIRY,1,2373813.0
239,8,DELI,1,469050.83979999926
240,8,EGGS,1,550746.0
241,8,FROZEN FOODS,0,400075.5580000008
242,8,GROCERY I,0,7909966.0
243,8,GROCERY II,0,69843.0
244,8,HARDWARE,0,4021.0
245,8,HOME AND KITCHEN I,0,50048.0
246,8,HOME AND KITCHEN II,0,43272.0
247,8,HOME APPLIANCES,0,1964.0
248,8,HOME CARE,0,391945.0
249,8,LADIESWEAR,0,41790.0
250,8,LAWN AND GARDEN,0,28318.0
251,8,LINGERIE,0,37693.0
252,8,"LIQUOR,WINE,BEER",0,248567.0
253,8,MAGAZINES,0,13869.0
254,8,MEATS,1,874542.7267000051
255,8,PERSONAL CARE,0,548573.0
256,8,PET SUPPLIES,0,17100.0
257,8,PLAYERS AND ELECTRONICS,0,18958.0
258,8,POULTRY,1,1008141.2358000011
259,8,PREPARED FOODS,1,356927.94400000037
260,8,PRODUCE,1,5152226.412500083
261,8,SCHOOL AND OFFICE SUPPLIES,0,710.0
262,8,SEAFOOD,1,93852.18949999979
263,9,AUTOMOTIVE,0,23358.0
264,9,BABY CARE,0,336.0
265,9,BEAUTY,0,9283.0
266,9,BEVERAGES,0,4617396.0
267,9,BREAD/BAKERY,1,955840.0
268,9,CELEBRATION,0,16216.0
269,9,CLEANING,0,2899366.0
270,9,DAIRY,1,1255925.0
271,9,DELI,1,984503.5580999986
272,9,EGGS,1,324444.0
273,9,FROZEN FOODS,0,210015.1440000001
274,9,GROCERY I,0,10353098.95900001
275,9,GROCERY II,0,19314.0
276,9,HARDWARE,0,3176.0
277,9,HOME AND KITCHEN I,0,55886.0
278,9,HOME AND KITCHEN II,0,32997.0
279,9,HOME APPLIANCES,0,662.0
280,9,HOME CARE,0,486379.0
281,9,LADIESWEAR,0,15958.0
282,9,LAWN AND GARDEN,0,7088.0
283,9,LINGERIE,0,15245.0
284,9,"LIQUOR,WINE,BEER",0,86553.0
285,9,MAGAZINES,0,2789.0
286,9,MEATS,1,634771.0854999974
287,9,PERSONAL CARE,0,746631.0
288,9,PET SUPPLIES,0,5696.0
289,9,PLAYERS AND ELECTRONICS,0,11495.0
290,9,POULTRY,1,814854.575000009
291,9,PREPARED FOODS,1,149475.92899999945
292,9,PRODUCE,1,1632022.4936000071
293,9,SCHOOL AND OFFICE SUPPLIES,0,10190.0
294,9,SEAFOOD,1,28433.32019999999
295,10,AUTOMOTIVE,0,5192.0
296,10,BABY CARE,0,461.0
297,10,BEAUTY,0,2312.0
298,10,BEVERAGES,0,1507341.0
299,10,BREAD/BAKERY,1,191421.0
300,10,CELEBRATION,0,4414.0
301,10,CLEANING,0,1309830.0
302,10,DAIRY,1,422559.0
303,10,DELI,1,419611.0
304,10,EGGS,1,82266.0
305,10,FROZEN FOODS,0,73258.16699999994
306,10,GROCERY I,0,4126220.1740000006
307,10,GROCERY II,0,6230.0
308,10,HARDWARE,0,1151.0
309,10,HOME AND KITCHEN I,0,12437.0
310,10,HOME AND KITCHEN II,0,9087.0
311,10,HOME APPLIANCES,0,304.0
312,10,HOME CARE,0,201545.0
313,10,LADIESWEAR,0,5490.0
314,10,LAWN AND GARDEN,0,26.0
315,10,LINGERIE,0,5453.0
316,10,"LIQUOR,WINE,BEER",0,20491.0
317,10,MAGAZINES,0,417.0
318,10,MEATS,1,314670.52479999815
319,10,PERSONAL CARE,0,300783.0
320,10,PET SUPPLIES,0,557.0
321,10,PLAYERS AND ELECTRONICS,0,3905.0
322,10,POULTRY,1,294951.9879999994
323,10,PREPARED FOODS,1,35080.0
324,10,PRODUCE,1,250738.8819999987
325,10,SCHOOL AND OFFICE SUPPLIES,0,858.0
326,10,SEAFOOD,1,4845.0
327,11,AUTOMOTIVE,0,11266.0
328,11,BABY CARE,0,318.0
329,11,BEAUTY,0,8009.0
330,11,BEVERAGES,0,6139303.0
331,11,BREAD/BAKERY,1,1020894.0
332,11,CELEBRATION,0,17073.0
333,11,CLEANING,0,3273785.0
334,11,DAIRY,1,863688.0
335,11,DELI,1,724570.7614000002
336,11,EGGS,1,265252.0
337,11,FROZEN FOODS,0,172191.818
338,11,GROCERY I,0,11044948.458
339,11,GROCERY II,0,29398.0
340,11,HARDWARE,0,1231.0
341,11,HOME AND KITCHEN I,0,39602.0
342,11,HOME AND KITCHEN II,0,23407.0
343,11,HOME APPLIANCES,0,682.0
344,11,HOME CARE,0,554829.0
345,11,LADIESWEAR,0,13211.0
346,11,LAWN AND GARDEN,0,2757.0
347,11,LINGERIE,0,18517.0
348,11,"LIQUOR,WINE,BEER",0,74470.0
349,11,MAGAZINES,0,2474.0
350,11,MEATS,1,1045087.2203999916
351,11,PERSONAL CARE,0,660286.0
352,11,PET SUPPLIES,0,1701.0
353,11,PLAYERS AND ELECTRONICS,0,13072.0
354,11,POULTRY,1,860570.3485999968
355,11,PREPARED FOODS,1,92434.49799999996
356,11,PRODUCE,1,1329849.3773999943
357,11,SCHOOL AND OFFICE SUPPLIES,0,6673.0
358,11,SEAFOOD,1,14006.0
359,12,AUTOMOTIVE,0,8004.0
360,12,BABY CARE,0,179.0
361,12,BEAUTY,0,1628.0
362,12,BEVERAGES,0,2183222.0
363,12,BREAD/BAKERY,1,314102.0
364,12,CELEBRATION,0,10344.0
365,12,CLEANING,0,1299707.0
366,12,DAIRY,1,564808.0
367,12,DELI,1,331018.0
368,12,EGGS,1,126217.0
369,12,FROZEN FOODS,0,80196.14599999998
370,12,GROCERY I,0,4208523.908000001
371,12,GROCERY II,0,10685.0
372,12,HARDWARE,0,1648.0
373,12,HOME AND KITCHEN I,0,17384.0
374,12,HOME AND KITCHEN II,0,14083.0
375,12,HOME APPLIANCES,0,373.0
376,12,HOME CARE,0,189700.0
377,12,LADIESWEAR,0,2184.0
378,12,LAWN AND GARDEN,0,16.0
379,12,LINGERIE,0,10895.0
380,12,"LIQUOR,WINE,BEER",0,64543.0
381,12,MAGAZINES,0,1259.0
382,12,MEATS,1,246755.73039999983
383,12,PERSONAL CARE,0,262193.0
384,12,PET SUPPLIES,0,872.0
385,12,PLAYERS AND ELECTRONICS,0,4956.0
386,12,POULTRY,1,300155.0366000004
387,12,PREPARED FOODS,1,56027.0
388,12,PRODUCE,1,342045.13630000013
389,12,SCHOOL AND OFFICE SUPPLIES,0,918.0
390,12,SEAFOOD,1,4577.0
391,13,AUTOMOTIVE,0,9303.0
392,13,BEAUTY,0,2158.0
393,13,BEVERAGES,0,2173295.0
394,13,BREAD/BAKERY,1,277227.0
395,13,CELEBRATION,0,6915.0
396,13,CLEANING,0,1313006.0
397,13,DAIRY,1,454440.0
398,13,DELI,1,267026.0
399,13,EGGS,1,87964.0
400,13,FROZEN FOODS,0,56026.87699999998
401,13,GROCERY I,0,4570080.779
402,13,GROCERY II,0,12289.0
403,13,HARDWARE,0,878.0
404,13,HOME AND KITCHEN I,0,17979.0
405,13,HOME AND KITCHEN II,0,13601.0
406,13,HOME APPLIANCES,0,260.0
407,13,HOME CARE,0,180116.0
408,13,LADIESWEAR,0,4575.0
409,13,LAWN AND GARDEN,0,21.0
410,13,LINGERIE,0,5159.0
411,13,"LIQUOR,WINE,BEER",0,54362.0
412,13,MAGAZINES,0,775.0
413,13,MEATS,1,258031.6508000006
414,13,PERSONAL CARE,0,303371.0
415,13,PET SUPPLIES,0,406.0
416,13,PLAYERS AND ELECTRONICS,0,3979.0
417,13,POULTRY,1,199668.31560000134
418,13,PREPARED FOODS,1,46452.0
419,13,PRODUCE,1,199522.19570000013
420,13,SCHOOL AND OFFICE SUPPLIES,0,709.0
421,13,SEAFOOD,1,3404.0
422,14,AUTOMOTIVE,0,6093.0
423,14,BABY CARE,0,11.0
424,14,BEAUTY,0,2137.0
425,14,BEVERAGES,0,1622259.0
426,14,BREAD/BAKERY,1,322891.0
427,14,CELEBRATION,0,7872.0
428,14,CLEANING,0,1838506.0
429,14,DAIRY,1,592373.0
430,14,DELI,1,371156.0
431,14,EGGS,1,63339.0
432,14,FROZEN FOODS,0,103714.74399999998
433,14,GROCERY I,0,4463305.511000002
434,14,GROCERY II,0,10238.0
435,14,HARDWARE,0,571.0
436,14,HOME AND KITCHEN I,0,20557.0
437,14,HOME AND KITCHEN II,0,20866.0
438,14,HOME APPLIANCES,0,326.0
439,14,HOME CARE,0,258922.0
440,14,LADIESWEAR,0,1619.0
441,14,LINGERIE,0,7999.0
442,14,"LIQUOR,WINE,BEER",0,42479.0
443,14,MAGAZINES,0,1344.0
444,14,MEATS,1,506670.23629999824
445,14,PERSONAL CARE,0,462566.0
446,14,PET SUPPLIES,0,743.0
447,14,PLAYERS AND ELECTRONICS,0,5030.0
448,14,POULTRY,1,159662.82619999896
449,14,PREPARED FOODS,1,102168.0
450,14,PRODUCE,1,384692.4308999994
451,14,SCHOOL AND OFFICE SUPPLIES,0,559.0
452,14,SEAFOOD,1,7249.0
453,15,AUTOMOTIVE,0,4519.0
454,15,BABY CARE,0,1580.0
455,15,BEAUTY,0,3249.0
456,15,BEVERAGES,0,2082525.0
457,15,BREAD/BAKERY,1,257381.0
458,15,CELEBRATION,0,5084.0
459,15,CLEANING,0,1469633.0
460,15,DAIRY,1,509272.0
461,15,DELI,1,456440.0
462,15,EGGS,1,132384.0
463,15,FROZEN FOODS,0,107881.88399999995
464,15,GROCERY I,0,4578222.108
465,15,GROCERY II,0,16284.0
466,15,HARDWARE,0,1539.0
467,15,HOME AND KITCHEN I,0,49711.0
468,15,HOME AND KITCHEN II,0,17578.0
469,15,HOME APPLIANCES,0,195.0
470,15,HOME CARE,0,247415.0
471,15,LADIESWEAR,0,9485.0
472,15,LAWN AND GARDEN,0,15.0
473,15,LINGERIE,0,7942.0
474,15,"LIQUOR,WINE,BEER",0,41518.0
475,15,MAGAZINES,0,1262.0
476,15,MEATS,1,211746.45750000063
477,15,PERSONAL CARE,0,305537.0
478,15,PET SUPPLIES,0,672.0
479,15,PLAYERS AND ELECTRONICS,0,4493.0
480,15,POULTRY,1,209909.8639999995
481,15,PREPARED FOODS,1,51976.0
482,15,PRODUCE,1,656266.7094000028
483,15,SCHOOL AND OFFICE SUPPLIES,0,726.0
484,15,SEAFOOD,1,8827.0
485,16,AUTOMOTIVE,0,9688.0
486,16,BABY CARE,0,158.0
487,16,BEAUTY,0,1471.0
488,16,BEVERAGES,0,1825868.0
489,16,BREAD/BAKERY,1,340074.0
490,16,CELEBRATION,0,6088.0
491,16,CLEANING,0,1687002.0
492,16,DAIRY,1,412095.0
493,16,DELI,1,360315.0
494,16,EGGS,1,299500.0
495,16,FROZEN FOODS,0,70029.40799999998
496,16,GROCERY I,0,4307272.248
497,16,GROCERY II,0,9951.0
498,16,HARDWARE,0,997.0
499,16,HOME AND KITCHEN I,0,21159.0
500,16,HOME AND KITCHEN II,0,13078.0
501,16,HOME APPLIANCES,0,210.0
502,16,HOME CARE,0,226089.0
503,16,LAWN AND GARDEN,0,27.0
504,16,LINGERIE,0,6613.0
505,16,"LIQUOR,WINE,BEER",0,60468.0
506,16,MAGAZINES,0,978.0
507,16,MEATS,1,128605.77150000013
508,16,PERSONAL CARE,0,331879.0
509,16,PET SUPPLIES,0,448.0
510,16,PLAYERS AND ELECTRONICS,0,3291.0
511,16,POULTRY,1,158675.62879999907
512,16,PREPARED FOODS,1,70381.0
513,16,PRODUCE,1,626982.4983000024
514,16,SCHOOL AND OFFICE SUPPLIES,0,2347.0
515,16,SEAFOOD,1,4672.0
516,17,AUTOMOTIVE,0,10287.0
517,17,BABY CARE,0,257.0
518,17,BEAUTY,0,3087.0
519,17,BEVERAGES,0,4045762.0
520,17,BREAD/BAKERY,1,424923.0
521,17,CELEBRATION,0,7853.0
522,17,CLEANING,0,1796260.0
523,17,DAIRY,1,918600.0
524,17,DELI,1,714225.0
525,17,EGGS,1,304238.0
526,17,FROZEN FOODS,0,162073.51600000006
527,17,GROCERY I,0,6453635.216999995
528,17,GROCERY II,0,13821.0
529,17,HARDWARE,0,1242.0
530,17,HOME AND KITCHEN I,0,28512.0
531,17,HOME AND KITCHEN II,0,26451.0
532,17,HOME APPLIANCES,0,293.0
533,17,HOME CARE,0,319371.0
534,17,LADIESWEAR,0,3210.0
535,17,LAWN AND GARDEN,0,207.0
536,17,LINGERIE,0,8955.0
537,17,"LIQUOR,WINE,BEER",0,65756.0
538,17,MAGAZINES,0,2125.0
539,17,MEATS,1,425823.24109999894
540,17,PERSONAL CARE,0,384514.0
541,17,PET SUPPLIES,0,1703.0
542,17,PLAYERS AND ELECTRONICS,0,8648.0
543,17,POULTRY,1,506876.9854000009
544,17,PREPARED FOODS,1,109956.0
545,17,PRODUCE,1,1262602.82889999
546,17,SCHOOL AND OFFICE SUPPLIES,0,980.0
547,17,SEAFOOD,1,18720.462
548,18,AUTOMOTIVE,0,6410.0
549,18,BABY CARE,0,167.0
550,18,BEAUTY,0,3367.0
551,18,BEVERAGES,0,2757528.0
552,18,BREAD/BAKERY,1,1109745.685
553,18,CELEBRATION,0,7855.0
554,18,CLEANING,0,1010821.0
555,18,DAIRY,1,797023.0
556,18,DELI,1,345318.5136
557,18,EGGS,1,271943.0
558,18,FROZEN FOODS,0,95535.48300000002
559,18,GROCERY I,0,4138689.3370000036
560,18,GROCERY II,0,28016.0
561,18,HARDWARE,0,1563.0
562,18,HOME AND KITCHEN I,0,24185.0
563,18,HOME AND KITCHEN II,0,14147.0
564,18,HOME APPLIANCES,0,289.0
565,18,HOME CARE,0,183364.0
566,18,LADIESWEAR,0,10572.0
567,18,LAWN AND GARDEN,0,2372.0
568,18,LINGERIE,0,7359.0
569,18,"LIQUOR,WINE,BEER",0,95993.0
570,18,MAGAZINES,0,1947.0
571,18,MEATS,1,166150.15879999974
572,18,PERSONAL CARE,0,251406.0
573,18,PET SUPPLIES,0,3099.0
574,18,PLAYERS AND ELECTRONICS,0,7239.0
575,18,POULTRY,1,327554.37760000053
576,18,PREPARED FOODS,1,84074.67099999997
577,18,PRODUCE,1,1474337.2241000035
578,18,SCHOOL AND OFFICE SUPPLIES,0,3242.0
579,18,SEAFOOD,1,15789.240700000002
580,19,AUTOMOTIVE,0,11026.0
581,19,BABY CARE,0,200.0
582,19,BEAUTY,0,2704.0
583,19,BEVERAGES,0,3296869.0
584,19,BREAD/BAKERY,1,303131.0
585,19,CELEBRATION,0,8861.0
586,19,CLEANING,0,1561422.0
587,19,DAIRY,1,487473.0
588,19,DELI,1,461214.0
589,19,EGGS,1,109232.0
590,19,FROZEN FOODS,0,102744.67099999994
591,19,GROCERY I,0,5085657.647000001
592,19,GROCERY II,0,16623.0
593,19,HARDWARE,0,2159.0
594,19,HOME AND KITCHEN I,0,23887.0
595,19,HOME AND KITCHEN II,0,14341.0
596,19,HOME APPLIANCES,0,273.0
597,19,HOME CARE,0,210863.0
598,19,LADIESWEAR,0,8889.0
599,19,LAWN AND GARDEN,0,27.0
600,19,LINGERIE,0,7466.0
601,19,"LIQUOR,WINE,BEER",0,56851.0
602,19,MAGAZINES,0,1722.0
603,19,MEATS,1,237954.13790000146
604,19,PERSONAL CARE,0,314972.0
605,19,PET SUPPLIES,0,958.0
606,19,PLAYERS AND ELECTRONICS,0,4985.0
607,19,POULTRY,1,205243.21619999912
608,19,PREPARED FOODS,1,56405.0
609,19,PRODUCE,1,447151.16480000014
610,19,SCHOOL AND OFFICE SUPPLIES,0,888.0
611,19,SEAFOOD,1,7313.0
612,20,AUTOMOTIVE,0,7575.0
613,20,BABY CARE,0,525.0
614,20,BEAUTY,0,4798.0
615,20,BEVERAGES,0,2760887.0
616,20,BREAD/BAKERY,1,432430.426
617,20,CELEBRATION,0,6746.0
618,20,CLEANING,0,1183570.0
619,20,DAIRY,1,689312.0
620,20,DELI,1,549777.4989999998
621,20,EGGS,1,112570.0
622,20,FROZEN FOODS,0,100603.74900000004
623,20,GROCERY I,0,4785023.9049999975
624,20,GROCERY II,0,11917.0
625,20,HARDWARE,0,716.0
626,20,HOME AND KITCHEN I,0,25300.0
627,20,HOME AND KITCHEN II,0,14236.0
628,20,HOME APPLIANCES,0,166.0
629,20,HOME CARE,0,273820.0
630,20,LADIESWEAR,0,6995.0
631,20,LAWN AND GARDEN,0,5183.0
632,20,LINGERIE,0,3173.0
633,20,"LIQUOR,WINE,BEER",0,39168.0
634,20,MAGAZINES,0,1079.0
635,20,MEATS,1,269489.33300000144
636,20,PERSONAL CARE,0,354580.0
637,20,PET SUPPLIES,0,2489.0
638,20,PLAYERS AND ELECTRONICS,0,4675.0
639,20,POULTRY,1,341145.63299999747
640,20,PREPARED FOODS,1,74306.56800000001
641,20,PRODUCE,1,841977.5530000008
642,20,SCHOOL AND OFFICE SUPPLIES,0,5129.0
643,20,SEAFOOD,1,11589.927000000005
644,21,AUTOMOTIVE,0,7842.0
645,21,BABY CARE,0,489.0
646,21,BEAUTY,0,3657.0
647,21,BEVERAGES,0,1963792.0
648,21,BREAD/BAKERY,1,367756.0
649,21,CELEBRATION,0,5677.0
650,21,CLEANING,0,962212.0
651,21,DAIRY,1,421817.0
652,21,DELI,1,243181.83100000018
653,21,EGGS,1,164313.0
654,21,FROZEN FOODS,0,74178.39400000001
655,21,GROCERY I,0,3162815.933000001
656,21,GROCERY II,0,10282.0
657,21,HARDWARE,0,706.0
658,21,HOME AND KITCHEN I,0,26374.0
659,21,HOME AND KITCHEN II,0,22569.0
660,21,HOME APPLIANCES,0,238.0
661,21,HOME CARE,0,241824.0
662,21,LADIESWEAR,0,4028.0
663,21,LAWN AND GARDEN,0,1890.0
664,21,LINGERIE,0,6928.0
665,21,"LIQUOR,WINE,BEER",0,51318.0
666,21,MAGAZINES,0,1614.0
667,21,MEATS,1,84227.7680000001
668,21,PERSONAL CARE,0,244109.0
669,21,PET SUPPLIES,0,1440.0
670,21,PLAYERS AND ELECTRONICS,0,6017.0
671,21,POULTRY,1,130544.14799999945
672,21,PREPARED FOODS,1,77994.13999999998
673,21,PRODUCE,1,957781.6959999936
674,21,SCHOOL AND OFFICE SUPPLIES,0,3509.0
675,21,SEAFOOD,1,4374.0
676,22,AUTOMOTIVE,0,3677.0
677,22,BABY CARE,0,196.0
678,22,BEAUTY,0,1050.0
679,22,BEVERAGES,0,857889.0
680,22,BREAD/BAKERY,1,90575.0
681,22,CELEBRATION,0,6076.0
682,22,CLEANING,0,416453.0
683,22,DAIRY,1,203463.0
684,22,DELI,1,109294.0
685,22,EGGS,1,35378.0
686,22,FROZEN FOODS,0,49687.74599999999
687,22,GROCERY I,0,1570262.3090000004
688,22,GROCERY II,0,3922.0
689,22,HARDWARE,0,698.0
690,22,HOME AND KITCHEN I,0,26904.0
691,22,HOME AND KITCHEN II,0,12790.0
692,22,HOME APPLIANCES,0,228.0
693,22,HOME CARE,0,105959.0
694,22,LADIESWEAR,0,350.0
695,22,LAWN AND GARDEN,0,12.0
696,22,LINGERIE,0,4781.0
697,22,"LIQUOR,WINE,BEER",0,23066.0
698,22,MAGAZINES,0,1915.0
699,22,MEATS,1,70522.03499999997
700,22,PERSONAL CARE,0,107083.0
701,22,PET SUPPLIES,0,652.0
702,22,PLAYERS AND ELECTRONICS,0,3776.0
703,22,POULTRY,1,83227.72900000002
704,22,PREPARED FOODS,1,30439.0
705,22,PRODUCE,1,268022.9219999995
706,22,SCHOOL AND OFFICE SUPPLIES,0,418.0
707,22,SEAFOOD,1,1435.0
708,23,AUTOMOTIVE,0,3875.0
709,23,BEAUTY,0,2547.0
710,23,BEVERAGES,0,1978271.0
711,23,BOOKS,0,88.0
712,23,BREAD/BAKERY,1,460859.62800000014
713,23,CELEBRATION,0,14697.0
714,23,CLEANING,0,965506.0
715,23,DAIRY,1,782983.0
716,23,DELI,1,224534.45989999955
717,23,EGGS,1,92936.0
718,23,FROZEN FOODS,0,168762.96599999993
719,23,GROCERY I,0,3339714.0
720,23,GROCERY II,0,40787.0
721,23,HARDWARE,0,224.0
722,23,HOME AND KITCHEN I,0,11335.0
723,23,HOME AND KITCHEN II,0,14979.0
724,23,HOME APPLIANCES,0,356.0
725,23,HOME CARE,0,146125.0
726,23,LADIESWEAR,0,11454.0
727,23,LAWN AND GARDEN,0,1574.0
728,23,LINGERIE,0,7719.0
729,23,"LIQUOR,WINE,BEER",0,92334.0
730,23,MAGAZINES,0,3626.0
731,23,MEATS,1,1101125.2822999898
732,23,PERSONAL CARE,0,236107.0
733,23,PET SUPPLIES,0,2957.0
734,23,PLAYERS AND ELECTRONICS,0,4209.0
735,23,POULTRY,1,499381.3903999968
736,23,PREPARED FOODS,1,83206.15199999997
737,23,PRODUCE,1,1332592.9257000096
738,23,SCHOOL AND OFFICE SUPPLIES,0,292.0
739,23,SEAFOOD,1,26221.86999999998
740,24,AUTOMOTIVE,0,5543.0
741,24,BABY CARE,0,71.0
742,24,BEAUTY,0,8247.0
743,24,BEVERAGES,0,4751466.0
744,24,BOOKS,0,227.0
745,24,BREAD/BAKERY,1,1165159.332
746,24,CELEBRATION,0,18101.0
747,24,CLEANING,0,1869705.0
748,24,DAIRY,1,1807146.0
749,24,DELI,1,426231.9131000007
750,24,EGGS,1,344409.0
751,24,FROZEN FOODS,0,350768.72799999954
752,24,GROCERY I,0,6343142.0
753,24,GROCERY II,0,43237.0
754,24,HARDWARE,0,1873.0
755,24,HOME AND KITCHEN I,0,25764.0
756,24,HOME AND KITCHEN II,0,47388.0
757,24,HOME APPLIANCES,0,580.0
758,24,HOME CARE,0,288848.0
759,24,LADIESWEAR,0,14218.0
760,24,LAWN AND GARDEN,0,22835.0
761,24,LINGERIE,0,15528.0
762,24,"LIQUOR,WINE,BEER",0,167724.0
763,24,MAGAZINES,0,11015.0
764,24,MEATS,1,653339.6544000017
765,24,PERSONAL CARE,0,443376.0
766,24,PET SUPPLIES,0,15007.0
767,24,PLAYERS AND ELECTRONICS,0,12159.0
768,24,POULTRY,1,820551.3109999936
769,24,PREPARED FOODS,1,217347.6339999999
770,24,PRODUCE,1,3815978.362600031
771,24,SCHOOL AND OFFICE SUPPLIES,0,950.0
772,24,SEAFOOD,1,59793.76569999996
773,25,AUTOMOTIVE,0,3487.0
774,25,BABY CARE,0,31.0
775,25,BEAUTY,0,3991.0
776,25,BEVERAGES,0,2963941.0
777,25,BOOKS,0,125.0
778,25,BREAD/BAKERY,1,484481.6310000001
779,25,CELEBRATION,0,7487.0
780,25,CLEANING,0,788187.0
781,25,DAIRY,1,788770.0
782,25,DELI,1,211847.82320000103
783,25,EGGS,1,179742.0
784,25,FROZEN FOODS,0,288463.24100000004
785,25,GROCERY I,0,2838388.0
786,25,GROCERY II,0,19353.0
787,25,HARDWARE,0,1403.0
788,25,HOME AND KITCHEN I,0,30683.0
789,25,HOME AND KITCHEN II,0,18838.0
790,25,HOME APPLIANCES,0,224.0
791,25,HOME CARE,0,111032.0
792,25,LAWN AND GARDEN,0,17129.0
793,25,LINGERIE,0,14359.0
794,25,"LIQUOR,WINE,BEER",0,295033.0
795,25,MAGAZINES,0,5621.0
796,25,MEATS,1,338886.16930000216
797,25,PERSONAL CARE,0,178554.0
798,25,PET SUPPLIES,0,3500.0
799,25,PLAYERS AND ELECTRONICS,0,5452.0
800,25,POULTRY,1,263339.4650999997
801,25,PREPARED FOODS,1,87154.26000000015
802,25,PRODUCE,1,1461760.1659999911
803,25,SCHOOL AND OFFICE SUPPLIES,0,566.0
804,25,SEAFOOD,1,9167.118000000002
805,26,AUTOMOTIVE,0,6004.0
806,26,BABY CARE,0,96.0
807,26,BEAUTY,0,1593.0
808,26,BEVERAGES,0,1335172.0
809,26,BOOKS,0,14.0
810,26,BREAD/BAKERY,1,379122.5939999999
811,26,CELEBRATION,0,7400.0
812,26,CLEANING,0,740042.0
813,26,DAIRY,1,399663.0
814,26,DELI,1,152847.5120999998
815,26,EGGS,1,70365.0
816,26,FROZEN FOODS,0,130412.29
817,26,GROCERY I,0,2720338.0
818,26,GROCERY II,0,7589.0
819,26,HARDWARE,0,1359.0
820,26,HOME AND KITCHEN I,0,12889.0
821,26,HOME AND KITCHEN II,0,8957.0
822,26,HOME APPLIANCES,0,339.0
823,26,HOME CARE,0,94185.0
824,26,LADIESWEAR,0,1877.0
825,26,LAWN AND GARDEN,0,2759.0
826,26,LINGERIE,0,6590.0
827,26,"LIQUOR,WINE,BEER",0,56492.0
828,26,MAGAZINES,0,379.0
829,26,MEATS,1,471972.4934000065
830,26,PERSONAL CARE,0,270683.0
831,26,PET SUPPLIES,0,1502.0
832,26,PLAYERS AND ELECTRONICS,0,1967.0
833,26,POULTRY,1,273002.4214999976
834,26,PREPARED FOODS,1,30652.0
835,26,PRODUCE,1,562174.6062000026
836,26,SCHOOL AND OFFICE SUPPLIES,0,936.0
837,26,SEAFOOD,1,5729.974500000004
838,27,AUTOMOTIVE,0,8205.0
839,27,BABY CARE,0,89.0
840,27,BEAUTY,0,5962.0
841,27,BEVERAGES,0,4049827.0
842,27,BOOKS,0,100.0
843,27,BREAD/BAKERY,1,1010174.1089999998
844,27,CELEBRATION,0,16743.0
845,27,CLEANING,0,1330773.0
846,27,DAIRY,1,1334242.0
847,27,DELI,1,420652.65499999945
848,27,EGGS,1,355433.0
849,27,FROZEN FOODS,0,270279.9170000002
850,27,GROCERY I,0,5357934.0
851,27,GROCERY II,0,36535.0
852,27,HARDWARE,0,2952.0
853,27,HOME AND KITCHEN I,0,20009.0
854,27,HOME AND KITCHEN II,0,23962.0
855,27,HOME APPLIANCES,0,556.0
856,27,HOME CARE,0,226391.0
857,27,LADIESWEAR,0,7575.0
858,27,LAWN AND GARDEN,0,22605.0
859,27,LINGERIE,0,10213.0
860,27,"LIQUOR,WINE,BEER",0,263840.0
861,27,MAGAZINES,0,3765.0
862,27,MEATS,1,450002.43900000636
863,27,PERSONAL CARE,0,342804.0
864,27,PET SUPPLIES,0,8819.0
865,27,PLAYERS AND ELECTRONICS,0,9298.0
866,27,POULTRY,1,636414.9881999979
867,27,PREPARED FOODS,1,150653.84999999995
868,27,PRODUCE,1,2770158.5732000014
869,27,SCHOOL AND OFFICE SUPPLIES,0,1041.0
870,27,SEAFOOD,1,40010.85049999996
871,28,AUTOMOTIVE,0,12023.0
872,28,BABY CARE,0,43.0
873,28,BEAUTY,0,3271.0
874,28,BEVERAGES,0,3776698.0
875,28,BREAD/BAKERY,1,947467.0
876,28,CELEBRATION,0,12591.0
877,28,CLEANING,0,1715333.0
878,28,DAIRY,1,1078484.0
879,28,DELI,1,566508.5979999998
880,28,EGGS,1,393954.0
881,28,FROZEN FOODS,0,158549.40500000003
882,28,GROCERY I,0,6202452.283000017
883,28,GROCERY II,0,12148.0
884,28,HARDWARE,0,2097.0
885,28,HOME AND KITCHEN I,0,37595.0
886,28,HOME AND KITCHEN II,0,18273.0
887,28,HOME APPLIANCES,0,870.0
888,28,HOME CARE,0,284500.0
889,28,LAWN AND GARDEN,0,3089.0
890,28,LINGERIE,0,12477.0
891,28,"LIQUOR,WINE,BEER",0,196813.0
892,28,MAGAZINES,0,1106.0
893,28,MEATS,1,329269.0251
894,28,PERSONAL CARE,0,501666.0
895,28,PET SUPPLIES,0,4311.0
896,28,PLAYERS AND ELECTRONICS,0,5326.0
897,28,POULTRY,1,385285.78200000036
898,28,PREPARED FOODS,1,108597.76200000008
899,28,PRODUCE,1,1595405.6949000005
900,28,SCHOOL AND OFFICE SUPPLIES,0,6144.0
901,28,SEAFOOD,1,10806.2854
902,29,AUTOMOTIVE,0,5561.0
903,29,BABY CARE,0,376.0
904,29,BEAUTY,0,2635.0
905,29,BEVERAGES,0,2196979.0
906,29,BREAD/BAKERY,1,516302.0
907,29,CELEBRATION,0,8323.0
908,29,CLEANING,0,834743.0
909,29,DAIRY,1,599783.0
910,29,DELI,1,246306.31800000003
911,29,EGGS,1,168668.0
912,29,FROZEN FOODS,0,87026.22100000002
913,29,GROCERY I,0,3096933.1450000135
914,29,GROCERY II,0,9234.0
915,29,HARDWARE,0,970.0
916,29,HOME AND KITCHEN I,0,21397.0
917,29,HOME AND KITCHEN II,0,15724.0
918,29,HOME APPLIANCES,0,243.0
919,29,HOME CARE,0,196552.0
920,29,LAWN AND GARDEN,0,1806.0
921,29,LINGERIE,0,4228.0
922,29,"LIQUOR,WINE,BEER",0,103115.0
923,29,MAGAZINES,0,1159.0
924,29,MEATS,1,111913.17000000102
925,29,PERSONAL CARE,0,238406.0
926,29,PET SUPPLIES,0,3630.0
927,29,PLAYERS AND ELECTRONICS,0,4445.0
928,29,POULTRY,1,176184.11000000118
929,29,PREPARED FOODS,1,60364.36300000006
930,29,PRODUCE,1,1000704.3689999884
931,29,SCHOOL AND OFFICE SUPPLIES,0,3443.0
932,29,SEAFOOD,1,6004.0
933,30,AUTOMOTIVE,0,5191.0
934,30,BABY CARE,0,112.0
935,30,BEAUTY,0,1006.0
936,30,BEVERAGES,0,1568382.0
937,30,BREAD/BAKERY,1,256088.0
938,30,CELEBRATION,0,4090.0
939,30,CLEANING,0,808847.0
940,30,DAIRY,1,374882.0
941,30,DELI,1,176335.0
942,30,EGGS,1,200408.0
943,30,FROZEN FOODS,0,97757.29000000008
944,30,GROCERY I,0,2616631.6480000005
945,30,GROCERY II,0,5905.0
946,30,HARDWARE,0,1595.0
947,30,HOME AND KITCHEN I,0,15541.0
948,30,HOME AND KITCHEN II,0,7826.0
949,30,HOME APPLIANCES,0,497.0
950,30,HOME CARE,0,127510.0
951,30,LADIESWEAR,0,665.0
952,30,LINGERIE,0,6852.0
953,30,"LIQUOR,WINE,BEER",0,91518.0
954,30,MAGAZINES,0,592.0
955,30,MEATS,1,97197.0248000003
956,30,PERSONAL CARE,0,173339.0
957,30,PET SUPPLIES,0,1413.0
958,30,PLAYERS AND ELECTRONICS,0,4054.0
959,30,POULTRY,1,166496.83269999936
960,30,PREPARED FOODS,1,38279.0
961,30,PRODUCE,1,525550.8680000026
962,30,SCHOOL AND OFFICE SUPPLIES,0,1354.0
963,30,SEAFOOD,1,5979.0
964,31,AUTOMOTIVE,0,12720.0
965,31,BABY CARE,0,904.0
966,31,BEAUTY,0,4343.0
967,31,BEVERAGES,0,3044753.0
968,31,BREAD/BAKERY,1,785139.0
969,31,CELEBRATION,0,8854.0
970,31,CLEANING,0,2101457.0
971,31,DAIRY,1,990235.0
972,31,DELI,1,414688.4025000003
973,31,EGGS,1,398037.0
974,31,FROZEN FOODS,0,180478.98799999984
975,31,GROCERY I,0,6607823.433999997
976,31,GROCERY II,0,15712.0
977,31,HARDWARE,0,1204.0
978,31,HOME AND KITCHEN I,0,23731.0
979,31,HOME AND KITCHEN II,0,21120.0
980,31,HOME APPLIANCES,0,668.0
981,31,HOME CARE,0,313541.0
982,31,LADIESWEAR,0,2415.0
983,31,LAWN AND GARDEN,0,2023.0
984,31,LINGERIE,0,20310.0
985,31,"LIQUOR,WINE,BEER",0,50968.0
986,31,MAGAZINES,0,1080.0
987,31,MEATS,1,513526.21590000147
988,31,PERSONAL CARE,0,496356.0
989,31,PET SUPPLIES,0,2500.0
990,31,PLAYERS AND ELECTRONICS,0,7864.0
991,31,POULTRY,1,231992.48470000012
992,31,PREPARED FOODS,1,121755.66999999984
993,31,PRODUCE,1,1357407.5074999963
994,31,SCHOOL AND OFFICE SUPPLIES,0,4358.0
995,31,SEAFOOD,1,8863.0
996,32,AUTOMOTIVE,0,3099.0
997,32,BABY CARE,0,73.0
998,32,BEAUTY,0,436.0
999,32,BEVERAGES,0,1011299.0
1000,32,BREAD/BAKERY,1,167321.0
1001,32,CELEBRATION,0,3779.0
1002,32,CLEANING,0,759688.0
1003,32,DAIRY,1,242011.0
1004,32,DELI,1,163084.0
1005,32,EGGS,1,225205.0
1006,32,FROZEN FOODS,0,47878.79000000003
1007,32,GROCERY I,0,2476687.5769999996
1008,32,GROCERY II,0,2946.0
1009,32,HARDWARE,0,823.0
1010,32,HOME AND KITCHEN I,0,11990.0
1011,32,HOME AND KITCHEN II,0,3980.0
1012,32,HOME APPLIANCES,0,291.0
1013,32,HOME CARE,0,102148.0
1014,32,LAWN AND GARDEN,0,9.0
1015,32,LINGERIE,0,3873.0
1016,32,"LIQUOR,WINE,BEER",0,127083.0
1017,32,MAGAZINES,0,167.0
1018,32,MEATS,1,100566.7575999989
1019,32,PERSONAL CARE,0,167757.0
1020,32,PET SUPPLIES,0,215.0
1021,32,PLAYERS AND ELECTRONICS,0,1350.0
1022,32,POULTRY,1,106673.42599999974
1023,32,PREPARED FOODS,1,19340.0
1024,32,PRODUCE,1,198301.4469999997
1025,32,SCHOOL AND OFFICE SUPPLIES,0,1396.0
1026,32,SEAFOOD,1,2313.0
1027,33,AUTOMOTIVE,0,12962.0
1028,33,BABY CARE,0,249.0
1029,33,BEAUTY,0,1854.0
1030,33,BEVERAGES,0,2284974.0
1031,33,BREAD/BAKERY,1,462195.0
1032,33,CELEBRATION,0,8477.0
1033,33,CLEANING,0,1794410.0
1034,33,DAIRY,1,648183.0
1035,33,DELI,1,333890.0
1036,33,EGGS,1,286700.0
1037,33,FROZEN FOODS,0,126893.945
1038,33,GROCERY I,0,5162834.937999999
1039,33,GROCERY II,0,5217.0
1040,33,HARDWARE,0,1244.0
1041,33,HOME AND KITCHEN I,0,49722.0
1042,33,HOME AND KITCHEN II,0,19493.0
1043,33,HOME APPLIANCES,0,295.0
1044,33,HOME CARE,0,244578.0
1045,33,LAWN AND GARDEN,0,52.0
1046,33,LINGERIE,0,21222.0
1047,33,"LIQUOR,WINE,BEER",0,108348.0
1048,33,MAGAZINES,0,1525.0
1049,33,MEATS,1,423767.9291999958
1050,33,PERSONAL CARE,0,401299.0
1051,33,PET SUPPLIES,0,1134.0
1052,33,PLAYERS AND ELECTRONICS,0,5142.0
1053,33,POULTRY,1,355977.8923999995
1054,33,PREPARED FOODS,1,62589.0
1055,33,PRODUCE,1,1348705.589300007
1056,33,SCHOOL AND OFFICE SUPPLIES,0,1800.0
1057,33,SEAFOOD,1,2727.0
1058,34,AUTOMOTIVE,0,5613.0
1059,34,BABY CARE,0,313.0
1060,34,BEAUTY,0,4611.0
1061,34,BEVERAGES,0,3778880.0
1062,34,BREAD/BAKERY,1,1151912.0
1063,34,CELEBRATION,0,11696.0
1064,34,CLEANING,0,1539872.0
1065,34,DAIRY,1,959815.0
1066,34,DELI,1,422917.2394000003
1067,34,EGGS,1,193240.0
1068,34,FROZEN FOODS,0,214564.8199999999
1069,34,GROCERY I,0,6393696.679000004
1070,34,GROCERY II,0,9840.0
1071,34,HARDWARE,0,3065.0
1072,34,HOME AND KITCHEN I,0,41347.0
1073,34,HOME AND KITCHEN II,0,37795.0
1074,34,HOME APPLIANCES,0,1104.0
1075,34,HOME CARE,0,254399.0
1076,34,LADIESWEAR,0,5804.0
1077,34,LAWN AND GARDEN,0,3438.0
1078,34,LINGERIE,0,17287.0
1079,34,"LIQUOR,WINE,BEER",0,89190.0
1080,34,MAGAZINES,0,1808.0
1081,34,MEATS,1,310301.66299999866
1082,34,PERSONAL CARE,0,534978.0
1083,34,PET SUPPLIES,0,2656.0
1084,34,PLAYERS AND ELECTRONICS,0,6322.0
1085,34,POULTRY,1,236323.94480000008
1086,34,PREPARED FOODS,1,58873.167000000045
1087,34,PRODUCE,1,785880.6465999999
1088,34,SCHOOL AND OFFICE SUPPLIES,0,7909.0
1089,34,SEAFOOD,1,5276.0
1090,35,AUTOMOTIVE,0,7421.0
1091,35,BABY CARE,0,90.0
1092,35,BEAUTY,0,449.0
1093,35,BEVERAGES,0,1881026.0
1094,35,BREAD/BAKERY,1,156619.0
1095,35,CELEBRATION,0,2633.0
1096,35,CLEANING,0,798871.0
1097,35,DAIRY,1,266336.0
1098,35,DELI,1,138189.0
1099,35,EGGS,1,281528.0
1100,35,FROZEN FOODS,0,89727.84300000002
1101,35,GROCERY I,0,2924094.872999999
1102,35,GROCERY II,0,5047.0
1103,35,HARDWARE,0,1084.0
1104,35,HOME AND KITCHEN I,0,12028.0
1105,35,HOME AND KITCHEN II,0,9796.0
1106,35,HOME APPLIANCES,0,335.0
1107,35,HOME CARE,0,109417.0
1108,35,LAWN AND GARDEN,0,88.0
1109,35,LINGERIE,0,2545.0
1110,35,"LIQUOR,WINE,BEER",0,75575.0
1111,35,MAGAZINES,0,469.0
1112,35,MEATS,1,271482.0670000003
1113,35,PERSONAL CARE,0,147059.0
1114,35,PET SUPPLIES,0,456.0
1115,35,PLAYERS AND ELECTRONICS,0,1186.0
1116,35,POULTRY,1,94824.5967000005
1117,35,PREPARED FOODS,1,29257.0
1118,35,PRODUCE,1,366857.0418000043
1119,35,SCHOOL AND OFFICE SUPPLIES,0,1263.0
1120,35,SEAFOOD,1,924.0
1121,36,AUTOMOTIVE,0,6170.0
1122,36,BABY CARE,0,65.0
1123,36,BEAUTY,0,2268.0
1124,36,BEVERAGES,0,3304180.0
1125,36,BREAD/BAKERY,1,767351.0
1126,36,CELEBRATION,0,8087.0
1127,36,CLEANING,0,1371240.0
1128,36,DAIRY,1,831442.0
1129,36,DELI,1,330798.8960000004
1130,36,EGGS,1,184731.0
1131,36,FROZEN FOODS,0,164937.14699999982
1132,36,GROCERY I,0,5377028.862999995
1133,36,GROCERY II,0,9837.0
1134,36,HARDWARE,0,813.0
1135,36,HOME AND KITCHEN I,0,34130.0
1136,36,HOME AND KITCHEN II,0,18055.0
1137,36,HOME APPLIANCES,0,313.0
1138,36,HOME CARE,0,237869.0
1139,36,LADIESWEAR,0,93.0
1140,36,LAWN AND GARDEN,0,13549.0
1141,36,LINGERIE,0,4988.0
1142,36,"LIQUOR,WINE,BEER",0,201077.0
1143,36,MAGAZINES,0,986.0
1144,36,MEATS,1,319237.24289999995
1145,36,PERSONAL CARE,0,372309.0
1146,36,PET SUPPLIES,0,1886.0
1147,36,PLAYERS AND ELECTRONICS,0,5136.0
1148,36,POULTRY,1,191030.70100000114
1149,36,PREPARED FOODS,1,82821.05199999998
1150,36,PRODUCE,1,1470329.9348999935
1151,36,SCHOOL AND OFFICE SUPPLIES,0,8090.0
1152,36,SEAFOOD,1,1575.2593
1153,37,AUTOMOTIVE,0,6819.0
1154,37,BABY CARE,0,36.0
1155,37,BEAUTY,0,7283.0
1156,37,BEVERAGES,0,3520005.0
1157,37,BOOKS,0,252.0
1158,37,BREAD/BAKERY,1,921999.88
1159,37,CELEBRATION,0,12775.0
1160,37,CLEANING,0,1774848.0
1161,37,DAIRY,1,1489330.0
1162,37,DELI,1,245711.02849999967
1163,37,EGGS,1,261232.0
1164,37,FROZEN FOODS,0,325742.6139999996
1165,37,GROCERY I,0,6131952.0
1166,37,GROCERY II,0,78428.0
1167,37,HARDWARE,0,3241.0
1168,37,HOME AND KITCHEN I,0,35527.0
1169,37,HOME AND KITCHEN II,0,25621.0
1170,37,HOME APPLIANCES,0,561.0
1171,37,HOME CARE,0,263723.0
1172,37,LADIESWEAR,0,27209.0
1173,37,LAWN AND GARDEN,0,21423.0
1174,37,LINGERIE,0,10912.0
1175,37,"LIQUOR,WINE,BEER",0,181129.0
1176,37,MAGAZINES,0,7961.0
1177,37,MEATS,1,420033.85289999895
1178,37,PERSONAL CARE,0,429957.0
1179,37,PET SUPPLIES,0,10735.0
1180,37,PLAYERS AND ELECTRONICS,0,10644.0
1181,37,POULTRY,1,411436.4442000024
1182,37,PREPARED FOODS,1,222607.34000000023
1183,37,PRODUCE,1,3076676.3017999944
1184,37,SCHOOL AND OFFICE SUPPLIES,0,494.0
1185,37,SEAFOOD,1,33529.431599999996
1186,38,AUTOMOTIVE,0,10939.0
1187,38,BABY CARE,0,22.0
1188,38,BEAUTY,0,8528.0
1189,38,BEVERAGES,0,3070772.0
1190,38,BOOKS,0,163.0
1191,38,BREAD/BAKERY,1,898680.7129999999
1192,38,CELEBRATION,0,15623.0
1193,38,CLEANING,0,1801940.0
1194,38,DAIRY,1,1372168.0
1195,38,DELI,1,284645.74619999994
1196,38,EGGS,1,202785.0
1197,38,FROZEN FOODS,0,348813.37399999955
1198,38,GROCERY I,0,6334058.015000001
1199,38,GROCERY II,0,44500.0
1200,38,HARDWARE,0,2894.0
1201,38,HOME AND KITCHEN I,0,38302.0
1202,38,HOME AND KITCHEN II,0,29423.0
1203,38,HOME APPLIANCES,0,230.0
1204,38,HOME CARE,0,343678.0
1205,38,LADIESWEAR,0,29330.0
1206,38,LAWN AND GARDEN,0,14392.0
1207,38,LINGERIE,0,23522.0
1208,38,"LIQUOR,WINE,BEER",0,132588.0
1209,38,MAGAZINES,0,8457.0
1210,38,MEATS,1,311997.6380000025
1211,38,PERSONAL CARE,0,603708.0
1212,38,PET SUPPLIES,0,6504.0
1213,38,PLAYERS AND ELECTRONICS,0,9955.0
1214,38,POULTRY,1,264855.6541999972
1215,38,PREPARED FOODS,1,205127.6059999999
1216,38,PRODUCE,1,2405445.8213000093
1217,38,SCHOOL AND OFFICE SUPPLIES,0,590.0
1218,38,SEAFOOD,1,33281.995800000004
1219,39,AUTOMOTIVE,0,14919.0
1220,39,BABY CARE,0,439.0
1221,39,BEAUTY,0,6387.0
1222,39,BEVERAGES,0,3824723.0
1223,39,BREAD/BAKERY,1,1215752.0
1224,39,CELEBRATION,0,11232.0
1225,39,CLEANING,0,2180903.0
1226,39,DAIRY,1,865934.0
1227,39,DELI,1,310958.0884999999
1228,39,EGGS,1,649329.0
1229,39,FROZEN FOODS,0,152377.77199999985
1230,39,GROCERY I,0,7199976.760000004
1231,39,GROCERY II,0,48183.0
1232,39,HARDWARE,0,3110.0
1233,39,HOME AND KITCHEN I,0,37809.0
1234,39,HOME AND KITCHEN II,0,22737.0
1235,39,HOME APPLIANCES,0,705.0
1236,39,HOME CARE,0,341246.0
1237,39,LADIESWEAR,0,7723.0
1238,39,LAWN AND GARDEN,0,13021.0
1239,39,LINGERIE,0,11631.0
1240,39,"LIQUOR,WINE,BEER",0,108132.0
1241,39,MAGAZINES,0,3217.0
1242,39,MEATS,1,404115.9015999995
1243,39,PERSONAL CARE,0,517999.0
1244,39,PET SUPPLIES,0,4548.0
1245,39,PLAYERS AND ELECTRONICS,0,9095.0
1246,39,POULTRY,1,345982.71689999977
1247,39,PREPARED FOODS,1,128135.02100000002
1248,39,PRODUCE,1,1789685.6754000022
1249,39,SCHOOL AND OFFICE SUPPLIES,0,3129.0
1250,39,SEAFOOD,1,19057.5998
1251,40,AUTOMOTIVE,0,6460.0
1252,40,BABY CARE,0,495.0
1253,40,BEAUTY,0,2023.0
1254,40,BEVERAGES,0,3884133.0
1255,40,BREAD/BAKERY,1,612356.0
1256,40,CELEBRATION,0,9397.0
1257,40,CLEANING,0,2323750.0
1258,40,DAIRY,1,785327.0
1259,40,DELI,1,419560.196
1260,40,EGGS,1,238567.0
1261,40,FROZEN FOODS,0,118704.40499999993
1262,40,GROCERY I,0,7272900.937999997
1263,40,GROCERY II,0,14892.0
1264,40,HARDWARE,0,1794.0
1265,40,HOME AND KITCHEN I,0,35805.0
1266,40,HOME AND KITCHEN II,0,26586.0
1267,40,HOME APPLIANCES,0,369.0
1268,40,HOME CARE,0,355869.0
1269,40,LAWN AND GARDEN,0,232.0
1270,40,LINGERIE,0,13526.0
1271,40,"LIQUOR,WINE,BEER",0,116885.0
1272,40,MAGAZINES,0,1565.0
1273,40,MEATS,1,188732.35579999993
1274,40,PERSONAL CARE,0,478826.0
1275,40,PET SUPPLIES,0,1916.0
1276,40,PLAYERS AND ELECTRONICS,0,7002.0
1277,40,POULTRY,1,253726.51979999887
1278,40,PREPARED FOODS,1,83090.0
1279,40,PRODUCE,1,1132660.991199999
1280,40,SCHOOL AND OFFICE SUPPLIES,0,3378.0
1281,40,SEAFOOD,1,5229.0
1282,41,AUTOMOTIVE,0,8129.0
1283,41,BABY CARE,0,48.0
1284,41,BEAUTY,0,7293.0
1285,41,BEVERAGES,0,2557323.0
1286,41,BOOKS,0,51.0
1287,41,BREAD/BAKERY,1,702064.3660000002
1288,41,CELEBRATION,0,12252.0
1289,41,CLEANING,0,1458089.0
1290,41,DAIRY,1,934417.0
1291,41,DELI,1,328140.2825999997
1292,41,EGGS,1,197589.0
1293,41,FROZEN FOODS,0,302045.0559999998
1294,41,GROCERY I,0,4892960.0
1295,41,GROCERY II,0,38228.0
1296,41,HARDWARE,0,1296.0
1297,41,HOME AND KITCHEN I,0,28352.0
1298,41,HOME AND KITCHEN II,0,32662.0
1299,41,HOME APPLIANCES,0,534.0
1300,41,HOME CARE,0,240868.0
1301,41,LADIESWEAR,0,13527.0
1302,41,LAWN AND GARDEN,0,16252.0
1303,41,LINGERIE,0,14784.0
1304,41,"LIQUOR,WINE,BEER",0,118926.0
1305,41,MAGAZINES,0,9385.0
1306,41,MEATS,1,289417.8401000009
1307,41,PERSONAL CARE,0,438579.0
1308,41,PET SUPPLIES,0,7693.0
1309,41,PLAYERS AND ELECTRONICS,0,7783.0
1310,41,POULTRY,1,266262.85059999936
1311,41,PREPARED FOODS,1,100227.17500000008
1312,41,PRODUCE,1,1951708.2948999973
1313,41,SCHOOL AND OFFICE SUPPLIES,0,951.0
1314,41,SEAFOOD,1,13169.2727
1315,42,AUTOMOTIVE,0,2826.0
1316,42,BABY CARE,0,24.0
1317,42,BEAUTY,0,3984.0
1318,42,BEVERAGES,0,1869230.0
1319,42,BOOKS,0,303.0
1320,42,BREAD/BAKERY,1,381233.354
1321,42,CELEBRATION,0,8729.0
1322,42,CLEANING,0,608431.0
1323,42,DAIRY,1,622974.0
1324,42,DELI,1,114773.10899999998
1325,42,EGGS,1,95243.0
1326,42,FROZEN FOODS,0,119071.52199999987
1327,42,GROCERY I,0,2337305.571
1328,42,GROCERY II,0,20676.0
1329,42,HARDWARE,0,810.0
1330,42,HOME AND KITCHEN I,0,15432.0
1331,42,HOME AND KITCHEN II,0,19820.0
1332,42,HOME APPLIANCES,0,187.0
1333,42,HOME CARE,0,157540.0
1334,42,LADIESWEAR,0,13671.0
1335,42,LAWN AND GARDEN,0,18950.0
1336,42,LINGERIE,0,3315.0
1337,42,"LIQUOR,WINE,BEER",0,57955.0
1338,42,MAGAZINES,0,6344.0
1339,42,MEATS,1,155331.9309999988
1340,42,PERSONAL CARE,0,170813.0
1341,42,PET SUPPLIES,0,5200.0
1342,42,PLAYERS AND ELECTRONICS,0,6181.0
1343,42,POULTRY,1,172139.2059999993
1344,42,PREPARED FOODS,1,58120.27199999999
1345,42,PRODUCE,1,1884907.4760000138
1346,42,SCHOOL AND OFFICE SUPPLIES,0,411.0
1347,42,SEAFOOD,1,13836.445000000029
1348,43,AUTOMOTIVE,0,10041.0
1349,43,BABY CARE,0,76.0
1350,43,BEAUTY,0,2014.0
1351,43,BEVERAGES,0,5005531.0
1352,43,BREAD/BAKERY,1,511667.0
1353,43,CELEBRATION,0,9065.0
1354,43,CLEANING,0,1703328.0
1355,43,DAIRY,1,595768.0
1356,43,DELI,1,393124.5999999999
1357,43,EGGS,1,236322.0
1358,43,FROZEN FOODS,0,85777.01699999988
1359,43,GROCERY I,0,5552270.468999999
1360,43,GROCERY II,0,7225.0
1361,43,HARDWARE,0,2006.0
1362,43,HOME AND KITCHEN I,0,24674.0
1363,43,HOME AND KITCHEN II,0,16553.0
1364,43,HOME APPLIANCES,0,228.0
1365,43,HOME CARE,0,231525.0
1366,43,LAWN AND GARDEN,0,1699.0
1367,43,LINGERIE,0,5874.0
1368,43,"LIQUOR,WINE,BEER",0,152472.0
1369,43,MAGAZINES,0,1959.0
1370,43,MEATS,1,249211.4370999992
1371,43,PERSONAL CARE,0,371808.0
1372,43,PET SUPPLIES,0,1130.0
1373,43,PLAYERS AND ELECTRONICS,0,4525.0
1374,43,POULTRY,1,285273.2853000022
1375,43,PREPARED FOODS,1,100852.89700000004
1376,43,PRODUCE,1,825522.5061999991
1377,43,SCHOOL AND OFFICE SUPPLIES,0,2916.0
1378,43,SEAFOOD,1,1251.0
1379,44,AUTOMOTIVE,0,31780.0
1380,44,BEAUTY,0,19622.0
1381,44,BEVERAGES,0,13417859.0
1382,44,BOOKS,0,528.0
1383,44,BREAD/BAKERY,1,2333058.278
1384,44,CELEBRATION,0,37773.0
1385,44,CLEANING,0,4308260.0
1386,44,DAIRY,1,4277954.0
1387,44,DELI,1,1004694.0379000005
1388,44,EGGS,1,1091864.0
1389,44,FROZEN FOODS,0,1021094.4900000002
1390,44,GROCERY I,0,16386055.039
1391,44,GROCERY II,0,137280.0
1392,44,HARDWARE,0,7034.0
1393,44,HOME AND KITCHEN I,0,134822.0
1394,44,HOME AND KITCHEN II,0,101678.0
1395,44,HOME APPLIANCES,0,3211.0
1396,44,HOME CARE,0,672167.0
1397,44,LADIESWEAR,0,33446.0
1398,44,LAWN AND GARDEN,0,21818.0
1399,44,LINGERIE,0,32469.0
1400,44,"LIQUOR,WINE,BEER",0,553902.0
1401,44,MAGAZINES,0,19250.0
1402,44,MEATS,1,1636611.0142000248
1403,44,PERSONAL CARE,0,941641.0
1404,44,PET SUPPLIES,0,34147.0
1405,44,PLAYERS AND ELECTRONICS,0,44317.0
1406,44,POULTRY,1,2086943.6252000052
1407,44,PREPARED FOODS,1,793011.6589999987
1408,44,PRODUCE,1,10666058.481600028
1409,44,SCHOOL AND OFFICE SUPPLIES,0,29543.0
1410,44,SEAFOOD,1,207652.62870000032
1411,45,AUTOMOTIVE,0,26403.0
1412,45,BEAUTY,0,16781.0
1413,45,BEVERAGES,0,11370352.0
1414,45,BOOKS,0,579.0
1415,45,BREAD/BAKERY,1,1914550.6169999999
1416,45,CELEBRATION,0,38865.0
1417,45,CLEANING,0,4217925.0
1418,45,DAIRY,1,3550072.0
1419,45,DELI,1,1083136.8150000032
1420,45,EGGS,1,696315.0
1421,45,FROZEN FOODS,0,877684.2809999997
1422,45,GROCERY I,0,16349751.289000003
1423,45,GROCERY II,0,139536.0
1424,45,HARDWARE,0,1832.0
1425,45,HOME AND KITCHEN I,0,79310.0
1426,45,HOME AND KITCHEN II,0,86332.0
1427,45,HOME APPLIANCES,0,2310.0
1428,45,HOME CARE,0,687754.0
1429,45,LADIESWEAR,0,27032.0
1430,45,LAWN AND GARDEN,0,30161.0
1431,45,LINGERIE,0,8667.0
1432,45,"LIQUOR,WINE,BEER",0,350532.0
1433,45,MAGAZINES,0,14695.0
1434,45,MEATS,1,2008611.4574999965
1435,45,PERSONAL CARE,0,1067375.0
1436,45,PET SUPPLIES,0,22762.0
1437,45,PLAYERS AND ELECTRONICS,0,31655.0
1438,45,POULTRY,1,2144082.1273999894
1439,45,PREPARED FOODS,1,548190.0839999998
1440,45,PRODUCE,1,6913583.057100082
1441,45,SCHOOL AND OFFICE SUPPLIES,0,27396.0
1442,45,SEAFOOD,1,163779.68839999978
1443,46,AUTOMOTIVE,0,25580.0
1444,46,BEAUTY,0,19901.0
1445,46,BEVERAGES,0,7861600.0
1446,46,BOOKS,0,199.0
1447,46,BREAD/BAKERY,1,1310106.1350000002
1448,46,CELEBRATION,0,23909.0
1449,46,CLEANING,0,3870620.0
1450,46,DAIRY,1,2406110.0
1451,46,DELI,1,1362965.6835000026
1452,46,EGGS,1,302358.0
1453,46,FROZEN FOODS,0,664864.5970000016
1454,46,GROCERY I,0,14342262.0
1455,46,GROCERY II,0,70753.0
1456,46,HARDWARE,0,2588.0
1457,46,HOME AND KITCHEN I,0,45801.0
1458,46,HOME AND KITCHEN II,0,57576.0
1459,46,HOME APPLIANCES,0,2356.0
1460,46,HOME CARE,0,715035.0
1461,46,LADIESWEAR,0,34459.0
1462,46,LAWN AND GARDEN,0,17938.0
1463,46,LINGERIE,0,13494.0
1464,46,"LIQUOR,WINE,BEER",0,202772.0
1465,46,MAGAZINES,0,7644.0
1466,46,MEATS,1,1968470.161799977
1467,46,PERSONAL CARE,0,1252553.0
1468,46,PET SUPPLIES,0,22118.0
1469,46,PLAYERS AND ELECTRONICS,0,26795.0
1470,46,POULTRY,1,1696866.645900015
1471,46,PREPARED FOODS,1,292184.5059999995
1472,46,PRODUCE,1,3169416.405299991
1473,46,SCHOOL AND OFFICE SUPPLIES,0,21786.0
1474,46,SEAFOOD,1,84969.98610000015
1475,47,AUTOMOTIVE,0,26930.0
1476,47,BEAUTY,0,20653.0
1477,47,BEVERAGES,0,10788853.0
1478,47,BOOKS,0,581.0
1479,47,BREAD/BAKERY,1,1864896.1309999996
1480,47,CELEBRATION,0,28690.0
1481,47,CLEANING,0,3915487.0
1482,47,DAIRY,1,3339190.0
1483,47,DELI,1,1079958.7474000033
1484,47,EGGS,1,600836.0
1485,47,FROZEN FOODS,0,716287.9660000011
1486,47,GROCERY I,0,15514528.49
1487,47,GROCERY II,0,108003.0
1488,47,HARDWARE,0,3043.0
1489,47,HOME AND KITCHEN I,0,67598.0
1490,47,HOME AND KITCHEN II,0,75063.0
1491,47,HOME APPLIANCES,0,3067.0
1492,47,HOME CARE,0,702590.0
1493,47,LADIESWEAR,0,31737.0
1494,47,LAWN AND GARDEN,0,27376.0
1495,47,LINGERIE,0,8598.0
1496,47,"LIQUOR,WINE,BEER",0,280368.0
1497,47,MAGAZINES,0,12393.0
1498,47,MEATS,1,1509934.8983000068
1499,47,PERSONAL CARE,0,1182880.0
1500,47,PET SUPPLIES,0,22767.0
1501,47,PLAYERS AND ELECTRONICS,0,30540.0
1502,47,POULTRY,1,1939042.0010000055
1503,47,PREPARED FOODS,1,486010.3530000003
1504,47,PRODUCE,1,6394991.163599936
1505,47,SCHOOL AND OFFICE SUPPLIES,0,20888.0
1506,47,SEAFOOD,1,144527.31050000008
1507,48,AUTOMOTIVE,0,22793.0
1508,48,BEAUTY,0,17773.0
1509,48,BEVERAGES,0,6313863.0
1510,48,BOOKS,0,57.0
1511,48,BREAD/BAKERY,1,1191064.674
1512,48,CELEBRATION,0,24101.0
1513,48,CLEANING,0,3602750.0
1514,48,DAIRY,1,2018656.0
1515,48,DELI,1,1096819.6821999988
1516,48,EGGS,1,239675.0
1517,48,FROZEN FOODS,0,520012.8630000008
1518,48,GROCERY I,0,12830994.111
1519,48,GROCERY II,0,71950.0
1520,48,HARDWARE,0,1507.0
1521,48,HOME AND KITCHEN I,0,54467.0
1522,48,HOME AND KITCHEN II,0,41125.0
1523,48,HOME APPLIANCES,0,1430.0
1524,48,HOME CARE,0,655404.0
1525,48,LADIESWEAR,0,27892.0
1526,48,LAWN AND GARDEN,0,10539.0
1527,48,LINGERIE,0,9189.0
1528,48,"LIQUOR,WINE,BEER",0,174764.0
1529,48,MAGAZINES,0,5105.0
1530,48,MEATS,1,1655114.1551999769
1531,48,PERSONAL CARE,0,1189326.0
1532,48,PET SUPPLIES,0,16196.0
1533,48,PLAYERS AND ELECTRONICS,0,22937.0
1534,48,POULTRY,1,1500673.4908000054
1535,48,PREPARED FOODS,1,221484.44499999995
1536,48,PRODUCE,1,2317729.369999992
1537,48,SCHOOL AND OFFICE SUPPLIES,0,27275.0
1538,48,SEAFOOD,1,50463.48329999994
1539,49,AUTOMOTIVE,0,17486.0
1540,49,BEAUTY,0,13243.0
1541,49,BEVERAGES,0,9221286.0
1542,49,BOOKS,0,454.0
1543,49,BREAD/BAKERY,1,1730652.1879999998
1544,49,CELEBRATION,0,34935.0
1545,49,CLEANING,0,2832581.0
1546,49,DAIRY,1,3184983.0
1547,49,DELI,1,618230.8772000006
1548,49,EGGS,1,724148.0
1549,49,FROZEN FOODS,0,718848.5419999987
1550,49,GROCERY I,0,11087980.0
1551,49,GROCERY II,0,108087.0
1552,49,HARDWARE,0,2858.0
1553,49,HOME AND KITCHEN I,0,66818.0
1554,49,HOME AND KITCHEN II,0,43614.0
1555,49,HOME APPLIANCES,0,1682.0
1556,49,HOME CARE,0,482693.0
1557,49,LADIESWEAR,0,18013.0
1558,49,LAWN AND GARDEN,0,28236.0
1559,49,LINGERIE,0,15355.0
1560,49,"LIQUOR,WINE,BEER",0,366079.0
1561,49,MAGAZINES,0,14214.0
1562,49,MEATS,1,1225518.3118000084
1563,49,PERSONAL CARE,0,662231.0
1564,49,PET SUPPLIES,0,17411.0
1565,49,PLAYERS AND ELECTRONICS,0,34163.0
1566,49,POULTRY,1,1470728.641800004
1567,49,PREPARED FOODS,1,500341.3819999987
1568,49,PRODUCE,1,8017967.250300046
1569,49,SCHOOL AND OFFICE SUPPLIES,0,15021.0
1570,49,SEAFOOD,1,144231.5924000003
1571,50,AUTOMOTIVE,0,19578.0
1572,50,BEAUTY,0,12959.0
1573,50,BEVERAGES,0,5424434.0
1574,50,BOOKS,0,291.0
1575,50,BREAD/BAKERY,1,973248.639
1576,50,CELEBRATION,0,37252.0
1577,50,CLEANING,0,2700334.0
1578,50,DAIRY,1,1691412.0
1579,50,DELI,1,773304.3932999994
1580,50,EGGS,1,193274.0
1581,50,FROZEN FOODS,0,445048.99100000015
1582,50,GROCERY I,0,10121781.295
1583,50,GROCERY II,0,78266.0
1584,50,HARDWARE,0,2541.0
1585,50,HOME AND KITCHEN I,0,82359.0
1586,50,HOME AND KITCHEN II,0,75537.0
1587,50,HOME APPLIANCES,0,1090.0
1588,50,HOME CARE,0,453522.0
1589,50,LADIESWEAR,0,22148.0
1590,50,LAWN AND GARDEN,0,8670.0
1591,50,LINGERIE,0,10408.0
1592,50,"LIQUOR,WINE,BEER",0,190695.0
1593,50,MAGAZINES,0,7858.0
1594,50,MEATS,1,1037095.7904999952
1595,50,PERSONAL CARE,0,825048.0
1596,50,PET SUPPLIES,0,9478.0
1597,50,PLAYERS AND ELECTRONICS,0,23875.0
1598,50,POULTRY,1,737513.3950999951
1599,50,PREPARED FOODS,1,207009.56699999966
1600,50,PRODUCE,1,2428159.1138999816
1601,50,SCHOOL AND OFFICE SUPPLIES,0,18947.0
1602,50,SEAFOOD,1,39881.43850000001
1603,51,AUTOMOTIVE,0,11776.0
1604,51,BEAUTY,0,8106.0
1605,51,BEVERAGES,0,6872756.0
1606,51,BOOKS,0,259.0
1607,51,BREAD/BAKERY,1,1438229.674
1608,51,CELEBRATION,0,16164.0
1609,51,CLEANING,0,2446406.0
1610,51,DAIRY,1,2460441.0
1611,51,DELI,1,436009.4754999995
1612,51,EGGS,1,564749.0
1613,51,FROZEN FOODS,0,551355.5270000005
1614,51,GROCERY I,0,8233707.0
1615,51,GROCERY II,0,53548.0
1616,51,HARDWARE,0,2391.0
1617,51,HOME AND KITCHEN I,0,35071.0
1618,51,HOME AND KITCHEN II,0,33946.0
1619,51,HOME APPLIANCES,0,1814.0
1620,51,HOME CARE,0,338775.0
1621,51,LADIESWEAR,0,4301.0
1622,51,LAWN AND GARDEN,0,29167.0
1623,51,LINGERIE,0,11163.0
1624,51,"LIQUOR,WINE,BEER",0,270015.0
1625,51,MAGAZINES,0,9816.0
1626,51,MEATS,1,1072030.285999995
1627,51,PERSONAL CARE,0,484158.0
1628,51,PET SUPPLIES,0,18580.0
1629,51,PLAYERS AND ELECTRONICS,0,12041.0
1630,51,POULTRY,1,1423296.3032999958
1631,51,PREPARED FOODS,1,285150.3090000002
1632,51,PRODUCE,1,5665150.369399996
1633,51,SCHOOL AND OFFICE SUPPLIES,0,10200.0
1634,51,SEAFOOD,1,110912.59189999997
1635,52,AUTOMOTIVE,0,1497.0
1636,52,BEAUTY,0,972.0
1637,52,BEVERAGES,0,537796.0
1638,52,BREAD/BAKERY,1,97520.837
1639,52,CELEBRATION,0,1343.0
1640,52,CLEANING,0,201411.0
1641,52,DAIRY,1,140584.0
1642,52,DELI,1,44664.42399999997
1643,52,EGGS,1,25002.0
1644,52,FROZEN FOODS,0,40622.08999999996
1645,52,GROCERY I,0,736213.0
1646,52,GROCERY II,0,5672.0
1647,52,HARDWARE,0,395.0
1648,52,HOME AND KITCHEN I,0,6926.0
1649,52,HOME AND KITCHEN II,0,6271.0
1650,52,HOME APPLIANCES,0,117.0
1651,52,HOME CARE,0,44347.0
1652,52,LADIESWEAR,0,1264.0
1653,52,LAWN AND GARDEN,0,7706.0
1654,52,LINGERIE,0,1003.0
1655,52,"LIQUOR,WINE,BEER",0,24750.0
1656,52,MAGAZINES,0,1247.0
1657,52,MEATS,1,59378.92000000002
1658,52,PERSONAL CARE,0,45450.0
1659,52,PET SUPPLIES,0,1741.0
1660,52,PLAYERS AND ELECTRONICS,0,3353.0
1661,52,POULTRY,1,58363.06699999998
1662,52,PREPARED FOODS,1,15951.206
1663,52,PRODUCE,1,581157.7130000003
1664,52,SCHOOL AND OFFICE SUPPLIES,0,2232.0
1665,52,SEAFOOD,1,1219.4759999999999
1666,53,AUTOMOTIVE,0,7962.0
1667,53,BABY CARE,0,22.0
1668,53,BEAUTY,0,5650.0
1669,53,BEVERAGES,0,2092799.0
1670,53,BOOKS,0,77.0
1671,53,BREAD/BAKERY,1,523932.156
1672,53,CELEBRATION,0,8820.0
1673,53,CLEANING,0,1066971.0
1674,53,DAIRY,1,574152.0
1675,53,DELI,1,246241.9064999994
1676,53,EGGS,1,108301.0
1677,53,FROZEN FOODS,0,190765.6399999998
1678,53,GROCERY I,0,3211885.0
1679,53,GROCERY II,0,17365.0
1680,53,HARDWARE,0,1535.0
1681,53,HOME AND KITCHEN I,0,23534.0
1682,53,HOME AND KITCHEN II,0,22856.0
1683,53,HOME APPLIANCES,0,151.0
1684,53,HOME CARE,0,195447.0
1685,53,LADIESWEAR,0,4465.0
1686,53,LAWN AND GARDEN,0,6098.0
1687,53,LINGERIE,0,6801.0
1688,53,"LIQUOR,WINE,BEER",0,116026.0
1689,53,MAGAZINES,0,3501.0
1690,53,MEATS,1,281787.03819999844
1691,53,PERSONAL CARE,0,287409.0
1692,53,PET SUPPLIES,0,3519.0
1693,53,PLAYERS AND ELECTRONICS,0,5848.0
1694,53,POULTRY,1,230921.72639999917
1695,53,PREPARED FOODS,1,84215.82699999998
1696,53,PRODUCE,1,1868028.4990000085
1697,53,SCHOOL AND OFFICE SUPPLIES,0,1268.0
1698,53,SEAFOOD,1,6549.4891
1699,54,AUTOMOTIVE,0,9526.0
1700,54,BABY CARE,0,303.0
1701,54,BEAUTY,0,1057.0
1702,54,BEVERAGES,0,2165045.0
1703,54,BREAD/BAKERY,1,367981.0
1704,54,CELEBRATION,0,4937.0
1705,54,CLEANING,0,1751763.0
1706,54,DAIRY,1,303271.0
1707,54,DELI,1,309642.409
1708,54,EGGS,1,118927.0
1709,54,FROZEN FOODS,0,56922.029000000024
1710,54,GROCERY I,0,4450789.795000001
1711,54,GROCERY II,0,13406.0
1712,54,HARDWARE,0,1191.0
1713,54,HOME AND KITCHEN I,0,25170.0
1714,54,HOME AND KITCHEN II,0,14625.0
1715,54,HOME APPLIANCES,0,304.0
1716,54,HOME CARE,0,224474.0
1717,54,LINGERIE,0,7240.0
1718,54,"LIQUOR,WINE,BEER",0,40191.0
1719,54,MAGAZINES,0,763.0
1720,54,MEATS,1,87712.7583999995
1721,54,PERSONAL CARE,0,306632.0
1722,54,PET SUPPLIES,0,172.0
1723,54,PLAYERS AND ELECTRONICS,0,3316.0
1724,54,POULTRY,1,88889.81220000033
1725,54,PREPARED FOODS,1,103090.0
1726,54,PRODUCE,1,596180.314200001
1727,54,SCHOOL AND OFFICE SUPPLIES,0,1023.0
1728,54,SEAFOOD,1,2938.0
